{"0,0,116": 745.7559458573976, "0,1,118": 916.45, "0,1,120": 1269.8, "0,2,120": 1084.5, "0,9,127": 1085.1, "0,9,132": 1243.2333333333333, "0,9,134": 1055.8, "0,11,136": 1123.8, "0,17,144": 1800.0, "0,18,139": 1091.2, "0,22,144": 1800.0, "0,23,145": 1150.3, "0,26,140": 1073.8, "0,35,157": 998.0, "0,39,165": 1622.6, "0,42,77": 1086.8, "0,58,186": 1090.6, "0,59,185": 1114.1, "0,74,121": 1072.2, "1,36,159": 932.8, "1,42,167": 1040.5, "1,60,188": 1071.6, "2,4,119": 1073.0, "2,26,147": 1119.0, "2,44,168": 959.3, "2,61,189": 980.3, "3,5,120": 1193.0, "3,62,190": 992.8, "5,9,126": 936.6500000000001, "5,10,129": 1182.3, "6,18,137": 994.7, "7,73,199": 1140.5, "8,16,134": 1095.5, "8,32,153": 1109.5, "23,58,181": 1088.7, "23,89,215": 1525.4, "25,59,182": 1300.1999999999998, "28,62,187": 1068.1, "30,71,196": 1140.0, "34,96,223": 1800.0, "48,124,246": 1800.0, "63,149,255": 1092.4, "65,174,221": 1093.5, "84,142,0": 1364.5, "93,87,0": 1800.0, "94,205,240": 1105.6, "116,111,0": 1800.0, "120,150,0": 1107.8, "134,93,0": 1074.2, "142,200,39": 1291.9, "145,129,0": 1703.2, "151,128,0": 1109.7, "154,132,0": 1088.3, "166,90,0": 1800.0, "170,155,0": 1638.0, "176,205,23": 1132.5, "180,147,0": 1313.3, "185,145,0": 1098.3, "186,104,89": 1800.0, "193,129,107": 1563.5, "198,165,0": 1407.1, "211,80,15": 1231.2, "214,170,146": 1116.7, "221,175,9": 1170.0, "222,173,10": 1140.1, "225,176,13": 1114.9, "226,180,13": 1224.3, "231,212,191": 1503.9378787878786, "237,101,40": 1097.5, "246,169,36": 1800.0, "247,116,51": 1168.8, "249,205,181": 1144.3, "250,79,110": 1800.0, "255,76,85": 1800.0, "255,95,138": 1086.2, "255,106,116": 1800.0, "255,110,98": 1097.3, "255,110,105": 1800.0, "255,111,112": 1094.0, "255,111,142": 1800.0, "255,150,181": 1800.0, "255,152,195": 1104.2, "255,160,161": 1120.5, "255,161,191": 1800.0, "255,162,157": 1800.0, "255,165,153": 1114.9, "255,182,121": 1114.3, "255,193,177": 1800.0, "255,198,177": 1465.2}